Rose,1, 
The End of the World,1, 
The Unquiet Dead,1, 
Aliens of London / World War Three,2, 
Dalek,1, 
The Long Game,1, 
The Empty Child / The Doctor Dances,2, 
Boom Town,1, 
Bad Wolf / The Parting of the Ways,2, 
New Earth,1, 
Tooth & Claw,1, 
School Reunion,1, 
The Girl in the Fireplace,1, 
Rise of the Cybermen / The Age of Steel,2, 
The Idiot's Lantern,1, 
The Impossible Planet / The Satan Pit,2, 
Love & Monsters,1, 
Fear Her,1, 
Army of Ghosts / Doomsday,2, 
Smith & Jones,1, 
The Shakespeare Code,1, 
Gridlock,1, 
Daleks in Manhattan / Evolution of the Daleks,2, 
The Lazarus Experiment,1, 
42,1, 
Human Nature / The Family of Blood,2, 
Blink,1, 
Utopia / Sound of the Drums / Last of the Timelords,3, 
Partners in Crime,1, 
The Fires of Pompeii,1, 
Planet of the Ood,1, 
The Sontaran Stratagem / The Poison Sky,2, 
The Doctor's Daughter,1, 
The Unicorn and the Wasp,1, 
Silence in the Library / Forest of the Dead,2, 
Midnight,1, 
Turn Left / The Stolen Earth / Journey's End,3, 
Planet of the Dead,1, 
The Waters of Mars,1, 
The Eleventh Hour,1, 
The Beast Below,1, 
Victory of the Daleks,1, 
The Time of Angels / Flesh & Stone,2, 
The Vampires of Venice,1, 
Amy's Choice,1, 
The Hungary Earth / Cold Blood,2, 
Vincent and the Doctor,1, 
The Lodger,1, 
The Pandorica Opens / The Big Bang,2, 
The Impossible Astronaut / Day of the Moon,2, 
The Curse of the Black Spot,1, 
The Doctor's Wife,1, 
The Rebel's Flesh / The Almost People / A Good Man Goes to War,3, 
Let's Kill Hitler,1, 
Night Terrors,1, 
The Girl Who Waited,1, 
The God Complex,1, 
Closing Time,1, 
The Wedding of River Song,1, 
Asylum of the Daleks,1, 
Dinosaurs on a Spaceship,1, 
A Town Called Mercy,1, 
The Power of Three,1, 
The Angels Take Manhatten,1, 
The Bells of Saint John,1, 
The Rings of Akhaten,1, 
Cold War,1, 
Hide,1, 
Journey to the Centre of the TARDIS,1, 
The Crimson Horror,1, 
Nightmare in Silver,1, 
The Name of the Doctor / Night of the Doctor / Day of the Doctor,3, 
Deep Breath,1, 
Into the Dalek,1, 
Robot of Sherwood,1, 
Listen,1, 
Time Heist,1, 
The Caretaker,1, 
Kill the Moon,1, 
Mummy on the Orient Express,1, 
Flatline,1, 
In the Forest of the Night,1, 
Dark Water / Death in Heaven,2, 
The Magician's Apprentice / The Witch's Familiar,2, 
Under the Lake / Before the Flood,2, 
The Girl Who Died / The Woman Who Lived,2, 
The Zygon Invasion / The Zygon Inversion,2, 
Sleep No More,1, 
Face the Raven / Heaven Sent / Hell Bent,3, 
The Pilot,1, 
Smile / Thin Ice,2, 
Knock Knock,1, 
Oxygen / Extremis / Pyramid at the End of the World / The Lie of the Land,4, 
Empress of Mars,1, 
The Eaters of Light,1, 
World Enough and Time / The Doctor Falls,2, 
